tw_id,text,location,long,lat
972960475678846976,*cough*neil patrick harris*cough* https://t.co/N55EQTC5xg,"San Francisco, CA",,
972957153005772801,*cough cough* my lil sister @LulBby_ashh is a nerd for RT herself,"Sacramento, CA",,
972944723387154432,@GoonerBay I wish. I have the flu. And the moist cake will just irritate my throat and make me cough more ?,"San Francisco, CA",,
972943615663267841,RT @drippingc_: *cough cough* https://t.co/RmhoRbINut,United States,,
972941982652809216,@ElkGroveMafia Cough. He?s not wrong. Cough.,"Sacramento, California",,
972924076720144385,@unbearablejon *cough cough*,"Daly City, CA",,
972916020401922054,RT @drippingc_: *cough cough* https://t.co/RmhoRbINut,Luca Brasi ,,
972913450274848768,I've drank so much cough syrup this week I don't even know who I am anymore,"Davis, CA",,
972896133205798912,"@BontaHill Eagles, warriors cough cough",san leandro ,,
972888335055142913,"@InspctorChronic Yeah, cough, I can almost see what you mean, cough. https://t.co/TPjeXeLdtj","California, USA",,
972876202552713216,"@GoAwayGreen In fairness, sometimes it?s both st the same time *cough*Guardians redecoration*cough*",San Francisco California USA,,
972867426567192582,Are you suffering with a cough? Have the flu? Try this and come in for a #chiropractic? https://t.co/oJLiYWDE99,"Fremont, CA",-121.97865,37.55838
972851500211998720,RT @drippingc_: *cough cough* https://t.co/RmhoRbINut,,,
972851423082840066,RT @drippingc_: *cough cough* https://t.co/RmhoRbINut,,,
972847951998406658,*cough cough* https://t.co/RmhoRbINut,"Sacramento, CA",,
972846013374373888,This damn cough hasn?t let me sleep!,"Gilroy, CA",,
972838124786147328,?family room? a Vive VR headset with built in surround sound throughout the house for that 360 visual/audio experie? https://t.co/3xOBsqojGL,"Sacramento, CA",,
972828030581211137,RT @MF_DAD: Me when your kids open mouth cough in public settings. https://t.co/hmEAImarML,313,,
972808192953495552,Y?all this cough got me dying,"Atwater, CA",,
972792651689816064,RT @HotHouseXXX: Turn &amp; cough! RN's @SeanMaygers &amp; @JoshConnersXXX lock the door and fuck hard between patients in 'Private Practice' SAVE?,,,
972781678337736704,That?s an awful lot of cough syrup,east side,,
972739965099458560,RT @MF_DAD: Me when your kids open mouth cough in public settings. https://t.co/hmEAImarML,Staying cool in AZ ,,
972732121553846272,@CrystalCMendez More like a year ago *cough cough*,east san jose ,,
972725266140168192,"*cough**cough* ""a few gold bars"" *cough*","San Francisco, CA",,
972722156927774721,"Whatever I eat, I still manage to cough. Wtg","San Jose, CA",,
972719646410391552,@rands @zackangelo Can?t tell if this real or the codeine cough syrup I took for my cold ???,"San Francisco, CA",,
972711058535165952,did my dog just fart and cough at the same time?,oakland & ethiopia,,
972695758410428416,@msgv04_ cough cough ?????,,,
972688944419586048,"me: my cough is getting better finally 
my cold symptoms, migrating: https://t.co/MnNv6F7ejz","Mountain View, CA",,
972681456068644866,@Taino626Rivera @JudicialWatch I think you're confused. I didn't criticize your grammar. But I do think it's odd th? https://t.co/BrXqvgCxSd,The Beautiful Napa Valley,,
972678903608291328,@MyGolfSpy *cough* Cleveland *cough*,"Ripon, CA",,
972675408989601792,You do cough cough @ me I love you ????????I always got this on lockdown https://t.co/bZutS0mWHz,"Sacramento, CA",,
972669093126918144,@DataErase i knowwwww it sure is a good comic tho cough cough cough,"Oakland, CA",,
972652427597008896,this cough got me fucked up. feel like ima cough up a lung before the night is over! ?????,somewhere you're not !,,
972649511452475393,RT @felicityluvvvv: cough my ex's lol https://t.co/QYJO5alKER,"Citrus Heights, CA",,
972644282690662400,"@AWiccanWonder #LIKEACHARM 

[There are no fires when I return to the restaurant and aside from the broken light I? https://t.co/nniIYC5o4J","San Francisco, CA",,
972643868633063425,"RT @VioletQueenling: ?On the plus side, I?ve got a new character I think people are going to love.?

But that?s just a theory,
A GAME THEOR?",,,
972637312654835712,@ZachAJacobson Cough cough @JermichaelF88,"Turlock, CA",,
972624210932637696,"Tulsa sheriff?s office pay $6 million family unarmed man shot dead 

Which means Tulsa taxpayers cough up $6 millio? https://t.co/646HiSpov0",San Francisco,,
972613557165604864,"My heart&amp;mind says chipotle and nuggets 

But my body says cough syrup and soup ????????","Monterey, CA",,
972608668997795841,RT @MF_DAD: Me when your kids open mouth cough in public settings. https://t.co/hmEAImarML,V-A-Double L-E-J-O,,
972599348537180160,The bag I made this morning went to groceries and cough medicine. Bitch :(,"Sonoma, Ca",,
972592753023401984,This cough needs to go away...sleeping in did help a little.,"Walnut Creek, CA",,
972591765931704320,"I cough every time I cheer. It?s apparently MY spring training, too.","Folsom, CA",,
972591514152067072,@Mali_Games @Friskkmkay *cough* she?s an amazing friend and makes everybody feel welcome.,"San Francisco, CA",,
972569294897692672,"@jmpm3 An eye for an eye makes the world blind. Amazon should carry Nest. Considering all the other shit (cough, ra? https://t.co/zG07mGSCvL","San Francisco, CA",,
972565383294025728,@SoleTooNasty @_itsyaillin_ @andreaapinaa @josh_schwanker I am she wanna act new aos cough cough ??but that?s nun of my business,"Stockton, CA",,
972540936302546944,RT @MF_DAD: Me when your kids open mouth cough in public settings. https://t.co/hmEAImarML,Around.,,
972538813800177664,RT @MF_DAD: Me when your kids open mouth cough in public settings. https://t.co/hmEAImarML,Dantoine Crawfish Shack,,
972522661371813888,RT @MF_DAD: Me when your kids open mouth cough in public settings. https://t.co/hmEAImarML,San Francisco ,,
972508582213189637,"RT @VioletQueenling: ?On the plus side, I?ve got a new character I think people are going to love.?

But that?s just a theory,
A GAME THEOR?",,,
972508472238624768,"RT @VioletQueenling: ?On the plus side, I?ve got a new character I think people are going to love.?

But that?s just a theory,
A GAME THEOR?",The 7th Layer Of Hell,,
972508412738187265,RT @MF_DAD: Me when your kids open mouth cough in public settings. https://t.co/hmEAImarML,"New Orleans, LA",,
972504964214882305,*cough* satan *cough* https://t.co/WDja3sMBxO,"Oakland, CA",,
972498633169006592,"@OpieRadio @ASMRVideosOnYT damn, that is a lot of views *cough*","Fremont, CA",,
972482580623777793,@rrhoover ...hey morning Ryan...cough you've got mail :),San Francisco,,
972479833979736064,RT @MF_DAD: Me when your kids open mouth cough in public settings. https://t.co/hmEAImarML,Out VA somewhere,,
972474468051374080,RT @MF_DAD: Me when your kids open mouth cough in public settings. https://t.co/hmEAImarML,"Austin, TX",,
972474253273653251,RT @MF_DAD: Me when your kids open mouth cough in public settings. https://t.co/hmEAImarML,,,
972474115692089344,RT @MF_DAD: Me when your kids open mouth cough in public settings. https://t.co/hmEAImarML,ATX,,
972473109805699073,RT @MF_DAD: Me when your kids open mouth cough in public settings. https://t.co/hmEAImarML,Unreachable ,,
972459047856287751,RT @MF_DAD: Me when your kids open mouth cough in public settings. https://t.co/hmEAImarML,Where ever the wind blows...,,
972435000246374405,RT @MF_DAD: Me when your kids open mouth cough in public settings. https://t.co/hmEAImarML,Crossing Timezones,,
972431569926393857,RT @MF_DAD: Me when your kids open mouth cough in public settings. https://t.co/hmEAImarML,The Dirty 3Thirty,,
972407056958332928,My cough is getting me really fucking pissed off,"Delhi, CA",,
972389273587478528,"I was so sick last night that I fell asleep with a cough drop in my mouth. Surprise, i didn't choke.","Fairfield, CA",,
972370796575272960,cough my ex's lol https://t.co/QYJO5alKER,"Sacramento, CA",,
972369912843837440,When a teacher **cough**math**cough** adds billions and billions of points to the gradebook and your grades don?t c? https://t.co/fR7ESBcwmv,"Daly City, CA",,
972357103124918272,RT @MF_DAD: Me when your kids open mouth cough in public settings. https://t.co/hmEAImarML,"Joliet, IL",,
972354558943899649,@babbyrach *cough *cough *hint *hint https://t.co/EhCysh4x7W,"Yuba City, CA",,
972348257052618754,RT @MF_DAD: Me when your kids open mouth cough in public settings. https://t.co/hmEAImarML,Wakanda,,
972344144285917184,RT @MF_DAD: Me when your kids open mouth cough in public settings. https://t.co/hmEAImarML,Anywhere but here ,,
972342415464964096,drinking cough syrup with no cough !!,San Jose ,,
972342028058136576,RT @MF_DAD: Me when your kids open mouth cough in public settings. https://t.co/hmEAImarML,lilboosieana,,
972336961926107136,RT @MF_DAD: Me when your kids open mouth cough in public settings. https://t.co/hmEAImarML,,,
972336626041995264,RT @MF_DAD: Me when your kids open mouth cough in public settings. https://t.co/hmEAImarML,"San Francisco, CA",,
972336328120598529,RT @MF_DAD: Me when your kids open mouth cough in public settings. https://t.co/hmEAImarML,Louisville. 502. Looeyville. ,,
972335209457836032,RT @MF_DAD: Me when your kids open mouth cough in public settings. https://t.co/hmEAImarML,"Queensville,Jupiter",,
972334875847077893,RT @MF_DAD: Me when your kids open mouth cough in public settings. https://t.co/hmEAImarML,DC & NC,,
972334798080528384,RT @MF_DAD: Me when your kids open mouth cough in public settings. https://t.co/hmEAImarML,On your mama face,,
972334638520852480,RT @MF_DAD: Me when your kids open mouth cough in public settings. https://t.co/hmEAImarML,"Washington, DC",,
972334332852531200,RT @MF_DAD: Me when your kids open mouth cough in public settings. https://t.co/hmEAImarML,At work ,,
972334271749910528,RT @MF_DAD: Me when your kids open mouth cough in public settings. https://t.co/hmEAImarML,Al Gore's Internet,,
972333602552860673,RT @MF_DAD: Me when your kids open mouth cough in public settings. https://t.co/hmEAImarML,"Washington, DC",,
972333537197162497,RT @MF_DAD: Me when your kids open mouth cough in public settings. https://t.co/hmEAImarML,Bugatti Spaceship,,
972328729530728450,RT @MF_DAD: Me when your kids open mouth cough in public settings. https://t.co/hmEAImarML,Smelly Onion,,
972327901650735105,RT @MF_DAD: Me when your kids open mouth cough in public settings. https://t.co/hmEAImarML,,,
972324370260504576,RT @MF_DAD: Me when your kids open mouth cough in public settings. https://t.co/hmEAImarML,Manila,,
972321299405172736,RT @MF_DAD: Me when your kids open mouth cough in public settings. https://t.co/hmEAImarML,"Washington, DC",,
972319045956636674,RT @MF_DAD: Me when your kids open mouth cough in public settings. https://t.co/hmEAImarML,"Charlotte, NC",,
972317860163870720,So some haters *cough**cough* @Percyfan1998Mv *cough* have been trying to deny that I am the most evil being in the? https://t.co/fVSKce2v4s,"San Francisco, CA",,
972316635238367232,RT @MF_DAD: Me when your kids open mouth cough in public settings. https://t.co/hmEAImarML,,,
972316071276482560,RT @MF_DAD: Me when your kids open mouth cough in public settings. https://t.co/hmEAImarML,"Charlotte, NC",,
972315941139828737,RT @MF_DAD: Me when your kids open mouth cough in public settings. https://t.co/hmEAImarML,"Dallas, TX",,
972314844425834496,RT @MF_DAD: Me when your kids open mouth cough in public settings. https://t.co/hmEAImarML,,,
972314445677506560,RT @MF_DAD: Me when your kids open mouth cough in public settings. https://t.co/hmEAImarML,SE DC,,
972313961889542145,When the cough medicine kicks in https://t.co/XvfBUQzzYr,"Manteca, CA",,
972313841047498752,RT @MF_DAD: Me when your kids open mouth cough in public settings. https://t.co/hmEAImarML,#DelAmo,,
972313547383365633,Me when your kids open mouth cough in public settings. https://t.co/hmEAImarML,"San Jose, California",,
972310182742056960,"When your students receive college acceptances!!!!???
 *cough *cough i helped them?","East Palo Alto, CA",,
972301071660982272,@doctagee And let's not forget homophobic and transphobic bile too. It always amazes me that there are people on th? https://t.co/4b52LDdZkM,"Davis, CA",,
972300264853024769,I'm sick so I took some cough syrup but apparently I took too much because I'm feeling a little high at work rn.,"Vacaville, CA",,
972294103026360328,@BretWeinstein *cough* scihub *cough*,"San Francisco, CA",,
972292113567186944,"RT @VioletQueenling: ?On the plus side, I?ve got a new character I think people are going to love.?

But that?s just a theory,
A GAME THEOR?",,,
972286982603735041,"Cough, cough... pee pee tape? https://t.co/Hs8gdvyGjV","Roseville, CA",,
972281630613278720,"I'ma just RT this.. not cuz the shoes, but the poem. Droppin' hints to my girl.. cough cough. https://t.co/JgWks1C1FU","Modesto, CA",,
972277683173208064,@ianbremmer preferably one due to cough up a lot of steam...,"Atwater, CA",,
972273006180319232,@HolmanOlga That cough syrup is the real deal!!,San Francisco,,
972265050051244032,"@JhoiraArtificer We?re cough twinsies

Worst bonding exercise ever, let?s never do this again",San Francisco,,
972253790068908032,So proud of my mommy getting packages from huge makeup company :) now my mommy should get a puppy sponsorship for *cough me * cough,"San Jose, CA",,
972251944780677120,Real shit! Hahaha cough*Rosen*cough https://t.co/pe4d0U3U5R,San Jose,,
972229541115539457,@lil22bruh Cough Dakota cough,"Walnut Creek, CA",,
972228144278077441,@m0llz_d0llz ::cough cough:: I?m sick,"San Francisco, CA",,
972224204153094145,"*cough*
  
COME TO SF SHERMAN! I want to bathe in the tears of my Seahawks fan friends.","Winters, CA",,
972218003608621056,All my professors were fine with me missing class yesterday except my philosophy professor so I made sure to cough? https://t.co/VhV8f9HaOo,"Turlock, CA",,
972217487650570240,@Angelerrrrr I?m sure I?m still slightly contagious if you wanna come over and have me cough on you,"Jackson, CA",,
972213008918302720,"When I thought I just had a bad cough, it turns out that I have bronchitis.","Gonzales, CA",,
972212488572829696,Y?all just ever gotta violently cough and gag for like 30 secs at random times of the day,"Sacramento, CA",,
972203044203982850,@DJIceMusic Or he'll go to a team with a QB that has a future in front of him...cough...niners...cough...Jimmy G...hack...wheeze,"sacramento, ca",,
972197148350595072,"I can?t stand my daughter yo. I be sneaking cough drops and she comes all up in my personal space, smells it and pu? https://t.co/5br120u4B6","Sacramento, CA",,
972195919197224960,@AdamHillLVRJ Cough cough @strtch33 @mikeyblackstar told ya,"South San Francisco, CA",,
972191032283627520,RT @ajocasereports: First reported case of midbrain keyhole aqueduct syndrome with ocular motor and other neuro-ophthalmic manifestations a?,"Miami, FL",,
972190935722295296,RT @A_Flawed_King: Maybe because I?m from the Bay and I?m used to seeing Bruno Mars type dudes *cough* Dave &amp; Busters *cough*,Bay Area,,
972187136517586947,"RT @EL_SUSHIRITO: Ok hear me out twitter... Its 2018 and if they can make grapes tastes like cotton candy and condoms like strawberries, WH?","Elk Grove, CA",,
972183779866378240,@natedilluhh k .. i?ll just cough on him and give him my strep,"Manteca, CA",,
972183678133600257,@Uber_Support You guys literally have the worst support for your drivers. It?s the ine thung that makes me wanna qu? https://t.co/7tsRnXEl7Z,Monterey CA,,
972172519514849281,"?On the plus side, I?ve got a new character I think people are going to love.?

But that?s just a theory,
A GAME TH? https://t.co/TObRH6xrwq","Mountain House, CA",,
972171720227303424,Maybe because I?m from the Bay and I?m used to seeing Bruno Mars type dudes *cough* Dave &amp; Busters *cough*,"Hayward, CA",,
972169802872774658,.@MMAjunkieJohn  how do you reward a guy with a title fight who missed weight? Cough cough Yoel,"Sacramento, CA",,
972167324101877760,"Learn the various applications of witch hazel, from cough and cold remedies to bug sprays and skin toners.? https://t.co/vD4jK2dOTX","Davis, California, USA",,
972164497719906304,@tachyonics @Chris__Bailey Cough cough #scw5 nothing to see here move right along,"Sunnyvale, CA",,
972160164512935936,Happening all the time now *cough *cough https://t.co/6oYyOPkVKg,"Mountain View, CA",,
972157240919535617,@TheYonceNews *cough* nice to see im inspiring the ladies on twitter as well,"Oakland, CA",,
972155577613905922,@offroadmendes @lukeswarmhugz Cough cough cough ....,Roseville,,
972149320169304064,This cough is going to ruin my day today ??,"California, USA",,
972148279273168896,"COUGH COUGH: Welcome to Lindsay where Bubo our great horned will invite you in with an owl pellet! 
Ok so this... https://t.co/nZ2fllFBC4","Walnut Creek, CA",,
972148055838425089,"RT @vetDrZ: 9 year old Siamese: This week?s case is a 9-year-old female neutered Siamese cat with chronic, progressive cough of 1-year dura?","Farndon, England",,
972145848225185797,@gotwalt Isn't lean that drink you make with cough syrup?,"San Francisco, USA",,
972144644707332096,&lt;cough&gt;hearing-not-hearing me is brain-friction&lt;/cough&gt; https://t.co/mAiKS2pyfD,"Sacramento, CA",,
972143440036327424,RT @ajocasereports: First reported case of midbrain keyhole aqueduct syndrome with ocular motor and other neuro-ophthalmic manifestations a?,UK & Ireland,,
972142578249248768,My dad heard me coughing at night and he went out early this morning to buy me cough medicine and made me soup. I don?t deserve him. ??,"Oakland, CA",,
972139202770030592,RT @ajocasereports: First reported case of midbrain keyhole aqueduct syndrome with ocular motor and other neuro-ophthalmic manifestations a?,,,
972138758844764160,"Because I over dosed on cough medications, my tachycardia is back. Fucking bullshit.","Vacaville, CA",,
972110128655884289,First reported case of midbrain keyhole aqueduct syndrome with ocular motor and other neuro-ophthalmic manifestatio? https://t.co/WLAXuUcf8E,"Stanford, CA",,
972097370002305024,Turn your head and cough #RuinMyDayIn5Words https://t.co/NVZ9lehK5K,"Santa Rosa, CA Sonoma Strong",,
972096466742366209,I really hope I?m not getting sick this cough is getting worse ?,Polk,,
972068763171524608,RT @sophiediao: Here's a short comic about my Chinese grandmothers. Thank you to all the amazing women who make life better for those who c?,,,
972062527285637121,"I am currently dying. If anyone can come save me, it woild be very appreciated. Please come with Tylenol, A Light B? https://t.co/HJkFJrW1US","Tranquillity, CA",,
972041155406786560,People cough* lebron cough* do way worse and get away with it. https://t.co/kLIG7ncJik,"Vallejo, CA",,
972039436203536384,when u can?t sleep bc ur throat hurts and u can?t stop coughing do u smoke to help u sleep or not smoke to avoid ma? https://t.co/fD6jZYbwlQ,,,
972019939770077184,"I added a video to a @YouTube playlist https://t.co/ACeOaKbeuz Lady Receives Help with Constipation, Headache, Insomnia, Cough, Hip","San Rafael, CA",,
972001941013250049,I say everyone on #GreysAnatomy is gonna die and the show is gonna continue in heaven (cough cough** or hell) https://t.co/F2OpqUzfPo,"Russian Hill, San Francisco",,
971993694940184583,"@SebGorka @realDonaldTrump Cough it up, #JackassObozo!","Santa Rosa, CA",,
971988644499095552,this cough syrup tastes like ass,"Manteca, CA",,
971984548673200128,I have a cough and my coworker made me tea with honey I feel loved,"sac, ca",,
971983550495956994,every time i cough i feel like i?m gonna throw up so that?s pretty cool,"Manteca, CA",,
971983075604185088,"RT @EL_SUSHIRITO: Ok hear me out twitter... Its 2018 and if they can make grapes tastes like cotton candy and condoms like strawberries, WH?",,,
971982530898350080,Ok hear me out twitter... Its 2018 and if they can make grapes tastes like cotton candy and condoms like strawberri? https://t.co/ga9gExwSDd,"Walnut Grove, CA",,
971970928761438208,@lil_kayykay And I don?t cough like a little bitch.,"San Francisco, CA",,
971970721818685440,"Ya know having a bruised rib in like 3 spots isn't fun....Can't laugh, can't cough, can't sleep, wanna cry lol...wh? https://t.co/1tYwQXtTxm","San Jose, CA",,
971969216814333954,"If this bitchass cough dont go away, imma call my nigga osmosis jones.","Mountain House, CA",,
971967904936677377,Cough adam young cough https://t.co/IOdpbVddwY,"Santa Cruz, California",,
971962247135117312,"X-ray tech : how long have you had a cough 
Me : 4 weeks 
X-ray dude : oh yup that?ll do it 
Me : I hate this place? https://t.co/vnFASnIkQH",the shop,,
971952632565657600,This Pic is me trying to hold my cough in after coughing too much already,"Fairfield, CA",,
971950648089440256,@SACarrow @de1ong @Noahpinion @delong *cough*,San Jose,,
971938567395028992,#FluTips Calvados works as well as any over the counter cough drops.,"San Francisco, CA",,
971936246930001920,RT @justwanttobeme3: Cough drops are my new drug of choice.,Deep within your mind!,,
971928531797032960,A Productive Cough may be @TitusAndronicus's best album and that's saying a lot after the last one https://t.co/TpIUOfamGN,"Alameda, California, USA",,
971928523874054144,@escapedcat Obviously. How else would you reduce complexity then by adding headless chrome to your stack *cough* *cough*,"San Francisco, CA",,
971911084062814209,"I just found like 20+ cough drops my dad put in my purse. My dad must have known I was going to get sick after last weekend, haha.","Oakland, CA",,
971909520157917184,"Some personal news:

I'm NOT going to #SXSW this year. :( All of you have fun. Enjoy Modcloth offline store, Toy Jo? https://t.co/Z8C4VjYEer","San Francisco, CA",,
971908366787264512,"@thehill I?m betting those doors look exactly like they cost $9000.
...catch my drift?
(Cough - cough [taxpayers pi? https://t.co/mLB1rDypMP","Alameda, CA",,
971900643920064512,@foodwishes If only someone could do it for you *cough*,San Francisco,,
971897147816689665,Advantage of having my mouth all numbed up is that my cough and congestion is gone ?,"Stockton, CA",,
971893234623397889,Every time I cough my mom says ?sigue fumando hija de tu chingada madre? ?,"Chico, CA",,
971875450086723590,"@KinsleeBlake the cough clearly dripped with a generous helping of awkwardness. Nice going, stud. 

""I think I'm go? https://t.co/yVKW8N3wYU","San Francisco, CA",,
971873189310574592,*cough* ??? ? https://t.co/Rg78BztTaW,"San Francisco, CA",,
971857123683401728,When you cough so much you head hurts?,"Santa Clara,California",,
971852143866011648,@davejoyner7 @KatherineK221 @Montrelltha1 @CassiaAtia I see the concern. It?s like rough and cough.they are not pro? https://t.co/OxYZEctrWH,Golden State,,
971848380245684224,"I'm gonna lie down. After the Direct, I'll be working on stuff. I hope I get another period where I'm just full of? https://t.co/OZuEYoiuJ0","Sacramento, CA",,
971843784144113665,@littlepinkhoe Cough,"Elk Grove, California",,
971842635349372928,"@BlancheMedia when doing a 24 hour fast, do breath mints/cough lozenges/herbal supplements break the fast? I'm gett? https://t.co/adgd6xkXin","Davis, California",,
971840699963359232,you ever cough until the sun is up? 'cuz same https://t.co/DZStpiv1IO,"Hayward, CA",,
971838192130256896,Current status: tea with freshly chopped ginger root and honey. Hopefully that will finally stop my cough. https://t.co/sPSx4gLpQP,"San Francisco, CA",,
971826090598481920,Who got cough drops on campus,"Stockton, CA",,
971823974572175360,Can this cough just go away already?,"San Francisco, CA",,
971823193450274816,"If your dog frequents kennels, parks or day cares, canine cough is a danger. Vaccinate today. #petcare","Sunnyvale, CA",,
971821150530551808,@rvivek 0. Stay hydrated. 1. Prefer appropriate fight times. 3. Sleep properly on flight. I sometimes use a tad bit? https://t.co/XZJIwxkYYr,"Sunnyvale, CA",,
971820318233784320,How introverted am I? I stayed in my room and pretended I wasn't there while suppressing my cough as the man who ca? https://t.co/71cdI2Qcz3,san jose ca,,
971810036828655616,@DestinLegarie *cough Mass Effect Remaster,San Bruno,,
971807916192759809,"Feel like I?m dying ? day 3 of a fever, cold shakes, gnarly cough and body aches... fml", ,,
971806947333697539,"@bonniegillespie I started asking myself, ""How upset or uncomfortable would I realistically be if I didn't have thi? https://t.co/JqFcA7mMkQ","San Mateo, CA",,
971803680587497472,"@_LeaveHerWild @teez70 Lol,  even your cough is sexy!?",City of Angels,,
971803479055384576,This cough that I have will be the death of me ?,"Fremont, CA",,
971801064700895234,RT @MilesExpress999: anime's always ahead of the curve https://t.co/gUiKuD1sv8,,,
971799370835226624,@yafavshitshoww Damn don?t say that these ?men? *cough* BOYS *cough* need to stop sleeping on you because once you? https://t.co/zzDKVw2PG2,"Tracy, CA",,
971797011967172608,That moment when you cough in a cathedral and it echoes all throughout the entire place ???,"Sacramento, CA",,
971796872590438401,"RT @CloroxHealth: It?s #flu season, and we are in the thick of it.
Encourage staff to wash hands frequently, get the #FluShot, stay home if?",,,
971795649854300160,"? NHL Trivia &amp; Swag Giveaway ?

Which NHL team had the most wins in a season?

Answer correctly and we'll send you? https://t.co/beVAitz6FU",San Francisco,,
971784797814013952,"@JCtheArtsader @NicoB7700 is the *cough* ""chest"" from 9 doors 9 hours 9 lives?","San Leandro, CA",,
971784511255019520,@MSNBC @PressSec *cough* bullshit,"Mountain View, CA",,
971784381617512448,@cristalcastell Cough cough. U were saying ? Get your taste buds checked lol jp,,,
971782991591518210,@JohnBennettBBC *cough cough Kane @Aboosanchez @RosterMonster,san francisco,,
971777894232899585,"@bradbalfour Try this... take a 2 second clip, using the volume controls, do a short fade up and fade out on it. No? https://t.co/R8YXcEjaF6",San Francisco Bay Area,,
971767388093009920,"@KinsleeBlake she gave my thigh a squeeze my mind went back to its little dirty corner and told me, you're getting? https://t.co/D1LUJVXnI5","San Francisco, CA",,
971751219088773121,RT @LuvYaBlue: @Bornabrit1 Hell a tell-all book by Melania would clearly generate more  $ than that stingy bastard would be willing to coug?,,,
971750779051806721,@Bornabrit1 Hell a tell-all book by Melania would clearly generate more  $ than that stingy bastard would be willin? https://t.co/b3hcztDU77,Twin Cities,,
971737282720886785,@Papess_Sophia_C And I thought my hell week was bad. ? Hope you can soothe that cough somehow.,"Sacramento, CA",,
971708104986546176,"RT @vetDrZ: 9 year old Siamese: This week?s case is a 9-year-old female neutered Siamese cat with chronic, progressive cough of 1-year dura?",Costa Rica,,
971706922398298112,"RT @vetDrZ: 9 year old Siamese: This week?s case is a 9-year-old female neutered Siamese cat with chronic, progressive cough of 1-year dura?",UK,,
971702456844410880,"9 year old Siamese: This week?s case is a 9-year-old female neutered Siamese cat with chronic, progressive cough of? https://t.co/j3NsYcWtXs","Davis, CA",,
971673126147796993,this syrup better get rid of this cough I?m not playin ?,"East Oakland, CA",,
971668203121229825,Can?t tell if I have a fucking cold or just a very disturbing cough,"Santa Cruz, CA",,
971639793883869184,"@rachlanger The dude with the too short for winter jacket, hands in his pants, broken tooth smile, toss yer butts i? https://t.co/46bG06NqlM",San Francisco,,
971636287483518976,@Cough_Mytweet @Flyer_thanu2 This shit is funny people on this thread are taking it way too serious.,Sacramento,,
971635882888327168,"@_MCKENTON_ @Cough_Mytweet I remember my boy parked in someone?s spot in an apartment complex they towed his shit,? https://t.co/h7gWva2CVS",Sacramento,,
971634789957517312,Cough Sop Burnt Cripen? Nugget!,,,
971633134415392770,It might be me overdosing on this cough medicine but I?m feeling a lot better,"Turlock, CA",,
971625123789791232,@FatKidDeals *cough* @sbenson925 *cough*,"Concord, CA",,
971623372172832768,@SaturdaysInReno @1Packfan You sure you should be going to work at all tomorrow?  I can sense a disturbing cough in? https://t.co/4qqCxJbVXc,"Elk Grove, CA",,
971612604824043522,It's crazy how when I'm sick I can't taste any of the food I eat... but the cough syrup though? Oh I can taste every ingredient in it,"City Of Angels , California",,
971603467008540672,"Every time I talk I cough, and I think the universe is trying to tell me something","Santa Cruz, CA",,
971600271183790080,"Worst service ever......

*cough cough @Briiuuss","Sacramento, CA",,
971589409253437441,Screw. This. Cough.,"California, USA",,
971588391895576576,I?ve had such a bad cough all day?,"Union City, CA",,
971587857583190016,bro...why don?t dogs cough ??,"Rocklin, CA",,
971561398202445824,Cough is killing me.,San Francisco ,,
971561093729406976,"For no reason at all, she then begins to go off on me about my phone and how I'm not paying attention, despite the? https://t.co/qifHYbEbm2","San Francisco, CA",,
971555639691419648,I made it through work with this cough!,"Modesto, CA",,
971554757436309505,"@patrickuncaged Tbh, it?s very hard to get quality peanut butter in some European countries (France, cough cough),? https://t.co/7AzLBmJpPq","San Francisco, CA",,
971554266920857600,"@hijikatamamoru I can agree with that! He doesn?t say much, mutters under his breath a lot, but I feel he just make? https://t.co/RecZDFkxEN",NorCal,,
971552103561814016,@ToasterOFun *cough* *cough* https://t.co/xFVlYa0xvA,"San Jose, CA",,
971547268896538624,"@LivingNonActor ? ?
I'm sorry, can't argue that right now, too busy listening to A Productive Cough.",Marin County,,
971538172629860353,All this fucking cough syrup like Ima sick nigga ??,,,
971536940280565766,So I got Bronchitis and my uncle gave me some cough drops that just done numbed my entire body lmao ima take some home,Silicon Valley ,,
971522299730935808,"Strawberry cough , the most gas.","San Jose, CA",,
971521970104950784,@nycyonce *cough* ive been a jay stan for the past 13 years.,"Oakland, CA",,
971514705893208064,@JTheWorm I added u my psn starts w cough,"Santa Rosa, CA",,
971499994053136384,WHY DO PEOPLE ALLOW THEIR CHILDREN TO COUGH AND SNEEZE FREELY. TEACH YOUR CHILD TO COVER THEIR FUCKING MOUTHS.,California ,,
971499338936467456,@MSNBC *cough* cannabis *cough*,"Sacramento, CA",,
971497063782297600,@andrewmartonik I've been writing all day and I have a cold and just took cough syrup watch out,"Oakland, CA",,
971494382124830720,"RT @nullspeak: Hey, if you'd like to follow us here / Steam for eventual beta-key giveaways or *cough cough* early access news, we have a S?","Baltimore, MD",,
971483639170002945,I dead ass have mother fucking bruises on my rib cage bc of how bad my cough is fuck bronchitis,,,
971470914553393152,"RT @speculawyer: @NicholsUprising @TishaHirsch To this day, conservatives will criticize California and say we are going bankrupt. They don?",NorCal all the way,,
971469428087930880,Young the Giant: Cough Syrup  https://t.co/wsxyINypow,"Morgan Hill, CA",,
971455974065278976,RT @POPSUGARFitness: These things can help. https://t.co/4S3Eki5Ph9,London * Reading * United Kingdom,,
971454453332217861,These things can help. https://t.co/4S3Eki5Ph9,"San Francisco, CA",,
971448092217065473,@_xmaryamb *Cough: Soft bitch,"Manteca, CA",,
971443264510455811,If I ever find this person I will make it my mission to destroy them. Or at least cough five feet away from them fo? https://t.co/PnMv2jSFWy,"Alameda, CA",,
971440002688167936,@LeilaniMunter *cough cough* - https://t.co/tNdT4Tnd1Y,"San Francisco, CA",,
971439560969236481,This cough medicine be making me sweat like a mf out of no where,"San Leandro, CA",,
971438097996001280,@RobbySumner @smallfry9 Call out sick and cancel everything. *cough*,"Sacramento, Ca",,
971437336654262273,Wanted to go to the fair so bad this weekend but being sick I don?t think it?ll be smart for me to be outside too l? https://t.co/xVqxvcs7iR,"San Bruno, CA",,
971431549408133120,"Lord Sickness is back at work this morning.
Shake my hand. I think I'm not contagious any more... *cough* *cough*","Placerville, CA",,
971431159031713793,Ppl who don?t cover their mouths when they sneeze and/or cough #plzgetmanners ?,"San Francisco, CA",,
971423173055995904,@highdxdull cough cough,"Sacramento, CA",,
971423109839388672,? Young The Giant - Cough Syrup ? https://t.co/l7bIvVHJ0Z #nowplaying,San Francisco,,
971418577747173376,@Cough_Mytweet Yeah fuck bein a Repo man or a Legal Process Server. Lmao nobody want to see or deal with yo ass.,"Oakland, CA",,
971417232747016192,Yeahhh. Bluebottle is where it?s at *cough* https://t.co/oDYKS0DqAi,"San Francisco, CA",,
971414928060895232,"NEW EPISODE: In which #TheCoolerPodcast goes in search of the lost badass women of history. Plus we look at how, in? https://t.co/4iLE4L85qU",San Francisco,,
971405430952886272,@AlbertF10326348 @GevurahJustice @IllusionsRule @KAPAMINT @mirandadied4u @nullhypothesis9 @gregsart @Mogleeone? https://t.co/ZoSxf2RotG,"San Francisco, CA",,
971397100041916421,"When you start to hate someone, everything they do begins to annoy you... Them: *Cough* You: ""OOOOHHH MY GOOOOOODDDDDDD","Sacramento",,
971382870315909120,@lauren_hoggs If I were you I?d be feeling .. cough ... cough ... bit of a cold coming on ...,"San Jose, CA",,
971380618079514626,"@andrewdamitio I like benefit corporations in theory but a lot of them (cough, cough @patagonia) promote dumb pseud? https://t.co/0M01uAWpv8","Berkeley, CA",,
971379681701249024,"A good docuseries we just started, potentially *cough*triggering*cough* reminds me of how happy? https://t.co/kZfo710trQ","Santa Cruz,CA",,
971371540695547905,RT @riaairr: @RohitBassi209 And then you snitch when they throw up *cough* @sumit_pabla,Punjab California ,,
971340474081361920,@Cough_Mytweet Dope that at the end they tell the one dude to leave the tow man alone,"Boyes Hot Springs, CA",,
971332667340865537,@kate_hess @secookaz @FoxNews @TGowdySC @RepGoodlatte Wow you need to stay off grandma's cough medicine. You lost b? https://t.co/JX8h1lHhiE,"Brentwood, CA",,
971329796574760960,One thing I don?t need is any distractions *COUGH* I don?t need a man *COUGH*,"Sacramento, CA",,
971302411687129089,"@NicholsUprising @TishaHirsch To this day, conservatives will criticize California and say we are going bankrupt. T? https://t.co/93K5S0ggbm","Silicon Valley, California",,
971298887490207744,@andrewsBFF Twosdays next week *cough cough*?,"San Jose, CA",,
971298127394295808,@RohitBassi209 And then you snitch when they throw up *cough* @sumit_pabla,"Elk Grove, CA",,
971295796107804672,RT @jguynn: Seems about time for @Uber to cough up its own figures so we can see just how many drivers can actually earn a living wage.,,,
971290746446925824,More cough meds &amp; now an inhaler. Least it?s a little easier to breath now.,"San Bruno, CA",,
971288982343639040,I was about to sleep. But then I got a cough attack lmaooo https://t.co/ppwcAsyEEa,"Santa Cruz, CA",,
971286386178510848,This cough is going to make me angry ?,"Pittsburg, CA",,
971285550056558595,This damn cough is getting on my lastttttt nerve,"Sac, CA.",,
971278784124121088,"@ShareeShalynn ? listen! I?m on vitamin C and robitussin we good! No stuffy nose, no aches, no fatigue, no congesti? https://t.co/L04ydqyZEM","Sacramento, CA",,
971276888256770049,"*cough cough*
 https://t.co/hD9Ide7stK","Atwater, CA",,
971276575135223808,Waiting for this cough syrup to come down.,"San Francisco, CA",,
971276316933869573,@WattheWut @MumkeyJones If only true genius were encapsulated so well. *cough *cough Digi karaoke!https://t.co/swcdxwgce0,"Stockton, CA",,
971273327309451264,@purpleblocka Your welcome * cough cough * ???,"Novato, CA",,
971268678791688192,"I have a fever , my chest feels tight , I have nasty dry cough and BITCH I'm about to have a fucking anxiety attack ... too much going on rn",,,
971268498235281409,@GlobalDanceElec @BeyondWland Shooting my shot *cough* (it?s also my bday that weekend),"Oakland, California",,
971261648517455873,The one thing that bothers me about smokers is the annoying ass cough.,Con el taquero,,
971247375628029952,"yall ever cough or sneeze wall eating rice, cuz me","Vallejo, CA",,
971245005649170438,RT @MrTastyVapor: The soothing effect of cough drops and the pleasure of #vaping can now be combined -&gt; https://t.co/S55vHeS3in #vape https?,Canada,,
971243018807336960,RT @MrTastyVapor: The soothing effect of cough drops and the pleasure of #vaping can now be combined -&gt; https://t.co/S55vHeS3in #vape https?,,,
971239669701730304,Cough syrup by young the giant makes me feel so nostalgic,"Napa, CA",,
971231101027930112,I want to take cough syrup but I really don?t want to do the work to pour the cough syrup.,"Vacaville, CA",,
971230003089338369,Natalie's knows what she's doing to your daughter Abby Lauren!! Wendy's now telling her sister on her son giving he? https://t.co/41A7do1JgJ,"San Jose, CA",,
971229575580672005,The soothing effect of cough drops and the pleasure of #vaping can now be combined -&gt; https://t.co/S55vHeS3in #vape https://t.co/RMEZNZy8gA,"Oakland, California",,
971227344823185408,@yokoono @TIAYESMORE *cough,94124,,
971226802625630210,Natalie's telling Wendy that her son Ben contained the cough form her niece Abby!! @NBCChicagoMed @ChicagoMedFans #ChicagoMed,"San Jose, CA",,
971225893933867010,@TVcody Get some good sleeps!  Darn cough! Ugh have an Oreo! https://t.co/0xbiTo7rRP,San Francisco,,
971216731417993216,"If this cough doesn't go, IMMA go","California, USA",,
971214259983040512,"I think I nailed the cause of the cough. So, recording stuff shall (finally) resume tomorrow after two months of no? https://t.co/UuTpqoxe1l","Sacramento, CA",,
971211536319459333,"Y?all better cough up that sugar mama website, ima start slanging wood for the life I want","Berkeley, CA",,
971210185837486081,*cough cough * ?? https://t.co/IofNY9yq08,"San Francisco, CA",,
971204185046724609,I really like how I?m getting a slight fever and never had one... 102.6F ? &amp; getting a little cough and running nose AWESOME?,"Napa, CA",,
971197223982702592,*cough* maybe... https://t.co/gU0b55aFmq,"Sonoma County, California",,
971184405115908096,@_jydizle It?s not easy to do alone cough cough I?m here too babe,"Stockton, CA",,
971184092426395648,"@SenatorDurbin Phhffft ppppuhhh swuuung bbblat..sputter sputter cough cough, as he spit the skeletal dust from his? https://t.co/JKNcQZO5Vw","Stockton, CA",,
971165303651540992,Seems about time for @Uber to cough up its own figures so we can see just how many drivers can actually earn a living wage.,San Francisco,,
971156339715063808,"@KawaiiOathmeal Exactly XD
Notascuteasyouthough *COUGH* ...","West Sacramento, CA",,
971155488120254464,@jensomnia Cough cough**,"Sacramento, CA",,
971123867300249600,Can you overdose on cough drops?,"San Francisco, CA",,
971122461340188673,"""cough, cough .... cough
hey, michelle (leaning into my cube)
coughcough
have you ever heard of someone getting the? https://t.co/Zga8vlTKnW","San Francisco, CA",,
971117624569376768,Cough cough haha https://t.co/42earnqZJH,"San Francisco, CA",,
971089300296105986,@WaifuTroller @AmorAstrum Ya boi also got that Zasalamel *cough*,"Oakland, CA",,
971087184831897600,RT @ajocasereports: Vertical diplopia and oscillopsia due to midbrain keyhole aqueduct syndrome associated with severe cough https://t.co/i?,"Miami, FL",,
971084926308139008,@Rightwing_Vet @mj_lee Kellyanne is a West Wing employee. I thought we were discussing parallels when you referred? https://t.co/BufIq4XQd3,"Oakland, California",,
971082288787161088,RT @OfficalBrianB: This is so goals like seriously straight up goals *cough* *cough* @dreharper56_ ???? https://t.co/4Knz6eT0gR,Glockton,,
971077351978164224,@awkwardpandahat Is it around your ribs? If so have you considered you have a very small fracture there? Ribs can b? https://t.co/n7ivEkm7HR,"San Francisco, CA",,
971075614651318272,"The Indie Alley Grand Opening is THIS Thursday, March 8th (*cough* International Women?s Day? https://t.co/Xl9xWagOLC","Fairfax, CA",,
971073473647923200,"The Indie Alley Grand Opening is THIS Wednesday, March 8th (*cough* International Women?s Day? https://t.co/Xl9xWagOLC","Fairfax, CA",,
971046795022389250,RT @ajocasereports: Vertical diplopia and oscillopsia due to midbrain keyhole aqueduct syndrome associated with severe cough https://t.co/i?,,,
971041811161583618,Spent most of the night hacking up my lungs. Really hope this cough goes away soon!,"San Jose, CA",,
971027547168395264,RT @ajocasereports: Vertical diplopia and oscillopsia due to midbrain keyhole aqueduct syndrome associated with severe cough https://t.co/i?,"Brivibas 410, Riga, Latvia",,
971023903316430849,Vertical diplopia and oscillopsia due to midbrain keyhole aqueduct syndrome associated with severe cough? https://t.co/YdiIaXwizy,"Stanford, CA",,
970990510117609472,@Spacekatgal *cough* co-ops,"San Francisco, CA",,
970947248438706176,I would like to thank the inventor of cough drops for inventing cough drops,"Santa Rosa, CA",,
970936504968142848,Do I get up and disturb my sleeping pup or die of this cough and suffer? Looks like the pup will not be disturb ?,With Alice in Wonderland,,
970934908041523202,RT @laaaaayyyyy: Cats need to stop taking naps all god damn day and sleep at night like normal animals thank you very much *cough* Kaia!,,,
970927622715711489,Cats need to stop taking naps all god damn day and sleep at night like normal animals thank you very much *cough* Kaia!,"corralitos, california",,
970924153988460547,How do I alleviate a cough omg,"San Jose, CA",,
970923409243648000,When your birthday finally falls on a Saturday and spring break starts the week after and then you get hit with the? https://t.co/ENS4TPiVOe,San Francisco!,,
970917541626331137,Wanting some Milkk and cookies rn *cough* *cough* @wearemilkk,Roseville,,
970916279304404992,Can this cough go away ?,"Woodland, CA",,
970911952766734337,"Thanks @melindafentonsm! That's the essence - celebrate getting the lesson, and truly *get* it (&lt;cough&gt; don't repea? https://t.co/ZRZRKNLDKA",Silicon Valley,,
970910091552542720,@THErealshanm @NancyJeanine1 @FieldsTammy @Kaz_1975 @crystalchappell @venicetheseries @2_CLASSY_SASSY @Shye1Luv? https://t.co/NLlpteamuC,"San Jose, CA",,
970907357969498112,"Has anyone heard of chocolate cough drops? I need to find some to send to Tatchi. Or was it chocolate, cough drops.? https://t.co/WibvDjVJmP",,,
970904476444864512,"Cough, cough https://t.co/Xe6sPw1buk",San Francisco,,
970901054979112961,This is so goals like seriously straight up goals *cough* *cough* @dreharper56_ ???? https://t.co/4Knz6eT0gR,"Stockton, CA",,
970899797379923968,@mormorlady @lydiadaye oh please! take lots of DXM cough syrup and it might dull the pain,"San Francisco, CA",,
970886160309395461,"when u cough, DAB on them haters !
D: da
A: albow
B: Bend?",UC Davis,,
970883143078100993,"@DogBarkingBees Hmm. I was thinking about resurrecting my friend. You have a point, though. More bones would be pre? https://t.co/nLbwjvoV9s","Hayward, CA",,
970880190925680645,"RT @BayAreaData: QVC HOST: Hello, you?re on the air. What made you want to purchase this folding eight foot ladd?

NUNBERG: THE PEE TAPE IS?",somewhere on Earth,,
970877893847875585,This cough is killing me?,"Ceres, CA",,
970876816218050560,"RT @BayAreaData: QVC HOST: Hello, you?re on the air. What made you want to purchase this folding eight foot ladd?

NUNBERG: THE PEE TAPE IS?",Kansas,,
970849560112189440,"@Vinny Get well dude, try not to yell at Astroid too much when he loses cough cough","Fremont, CA",,
970846499113447424,RT @CAGoldenBear: Dear #WestVirginia legislature- We Stand With The Teachers?? first decent raise in28 years?? Cough Up the 5%?? #VoteThemO?,Illinois,,
970843549234356230,"RT @BayAreaData: QVC HOST: Hello, you?re on the air. What made you want to purchase this folding eight foot ladd?

NUNBERG: THE PEE TAPE IS?","Baltimore, MD",,
970841555358633985,RT @CAGoldenBear: Dear #WestVirginia legislature- We Stand With The Teachers?? first decent raise in28 years?? Cough Up the 5%?? #VoteThemO?,,,
970840408983977984,RT @CAGoldenBear: Dear #WestVirginia legislature- We Stand With The Teachers?? first decent raise in28 years?? Cough Up the 5%?? #VoteThemO?,"Reno, NV",,
970840162325422080,RT @CAGoldenBear: Dear #WestVirginia legislature- We Stand With The Teachers?? first decent raise in28 years?? Cough Up the 5%?? #VoteThemO?,the Dirty South,,
970839196062674945,RT @CAGoldenBear: Dear #WestVirginia legislature- We Stand With The Teachers?? first decent raise in28 years?? Cough Up the 5%?? #VoteThemO?,"Texas, USA",,
970839059328192512,Dear #WestVirginia legislature- We Stand With The Teachers?? first decent raise in28 years?? Cough Up the 5%??? https://t.co/nII5t0zXfQ,"Sacramento, CA",,
970838988759080961,"QVC HOST: Hello, you?re on the air. What made you want to purchase this folding eight foot ladd?

NUNBERG: THE PEE? https://t.co/NfT1oWMU3B","Concord, CA",,
970837714185736192,"Say, what you will about Arie, but at least he?s not a coin flipper *cough cough Jordan from New Zealand cough* #thebachelor",Concord,,
970834858376282112,@PunmasterP *combination. *cough* #distractedwhiletweeting,"El Sobrante, CA",,
970832191344164864,*cough* Judy or Reni *cough* lookin at y?all,a luta continua,,
970830897229385729,@WestHwdsWorst @_callmenalleli ( cough cough ) PS4 loool,"Hyphyy , California",,
970829214080319490,That mood when you?re in public hardcore trying to suppress your demon cough bc if you unleash it everyone gonna lo? https://t.co/qInBuHQfy0,"Santa Cruz, CA",,
970826437337976832,Did you know that #bronchitis is the most popular reason for people to visit urgent care centers? Winter is coming? https://t.co/gNUDusmxD1,"San Francisco, CA",,
970826429221908480,@IDoTheThinking *cough* *cough* edible *cough*,San Francisco,,
970825877268324352,@ellie_mir *cough guilty cough*,"Sacramento, CA",,
970824526358441989,I hate that I still have this cough. People look at you like you?re a walking plague. https://t.co/8mVfSVZ1No,"Walnut Creek, CA",,
970816028837076992,I just started working out today and I think it made me cough up a fur ball. My lungs are trying to clear out all t? https://t.co/2AlwxGEzFU,"Oakland, CA",,
970815127128854528,"There was a guy on 8th Street today who appeared to be shouting, ""Where is God?"" But in fact he was saying ""Gough""? https://t.co/w9SKjH46AO",San Francisco,,
970805814221942784,"And find cleaning products that will get blue hair dye off your walls and counters. Yeah. Um. *cough* ?Hi, honey! W? https://t.co/08AhlXKKpQ","Berkeley, CA",,
970797808365191168,@RVAwonk Looks like Nunberg will need to cough up the subpoenaed good to Mueller are be arrested. His interviews su? https://t.co/dxjYbP3q59,"Santa Cruz, CA",,
970795457675870208,Wow this cough came back with a VENGEANCE. Gimme the suda right now,"Stockton, CA",,
970781690393190401,@Iwishyounopain The south is big on colonialist culture *cough* white supremacy ... messes everybody up and keeps u? https://t.co/RncThd2AdN,Where You Are Not ,,
970780934814486528,@totesmonroe Cough cough ?,"San Jose, CA",,
970779259798134784,Yes if you cough &amp;/sneeze near me-especially if you dont cover your mouth-i will walk 5 feet away from you &amp; act as? https://t.co/11yQwetmLm,"Oakland CA,",,
970779130605142017,Today has been miserable with this horrible cough I have,"Vacaville, CA",,
970775234277130240,@BrandyZadrozny YAY. I dunno I feel like we should be a panel somewhere...Cough @ALALibrary https://t.co/I6fKYKczF8,City of Angels,,
970769132995035137,I tried to put in a chloraseptic cough drop cause my throat is killing me today and accidentally sliced open my lip? https://t.co/tpXKVwR4m9,"Milpitas, CA",,
970768818371928064,All the trash albums on Bandcamp expect you to cough up $10 or more #Wack,"Gilroy, CA",,
970767183218266112,"RT @Lionel_Toy: *cough*

Cats.

That is all.

?","Bay Area, CA, USA",,
970765845927309313,"*cough*

Cats.

That is all.

?","San Jose, CA",,
970764353153544192,I should really stop smoking. I cough so bad.,"Oakland, CA",,
970763956015939584,"@gianna_franco hope you feel better soon, you can try throat coat tea, available at whole foods, honey lemon, gargl? https://t.co/snVgketd9C","Berkeley, California",,
970759466021830656,When customers sneeze or cough directly in their hands and then try to hand me money https://t.co/SwbpFM9dNB,,,
970748226050523136,Tell me why i told this guy at work i had a really bad cough and he said ?gotta stop kissing on all these girls? ? BITCH WHERE,"Oakland, CA",,
970735253802250240,"what's your favorite How to Fight a Cough method?
(things I have tried: inhaler, VapoRub, Benadryl, heating pad, bath, steam, hot tea)",Oakland,,
970723487718363136,i fell asleep with a cough drop in my mouth last night and let me tell u how gross that was to wake up to,"Oakland, CA",,
970717551641575425,@keithfrankish A diffident cough from behind the aspidistras - The Conscious Mind by David Chalmers?,"El Granada, CA",,
970714344014036992,"Four hours of sleep, fever, cough &amp; nausea on a Monday morning before an exam? Yupp it?s my time to go, it was nice knowing y?all","Sacramento, CA",,
970712188422778880,Kim?s 02 post made me cough up blood,"Sonoma, CA",,
970704331447058432,"@voxdotcom It kind of helps to have a major ""news organization"" (cough-fox-cough!!) as the center of distribution.",San Francisco,,
970702947834216448,"@VixenRulz101 @lbourgie *polite cough* fox buddy, I think you may be missing the joke","San Francisco, CA",,
970700606523486208,"RT @FakeRyanGosling: ""Studies have also shown that once an individual is knocked out of a flow state of mind, it can take up to 20 minutes?","Boston, MA",,
970691871818289152,"RT @FakeRyanGosling: ""Studies have also shown that once an individual is knocked out of a flow state of mind, it can take up to 20 minutes?",Internet,,
970689600254566401,@lukeswarmhugz Cough cough ?????,Roseville,,
970688784474939392,I swear I?m going to blow up if I cough one more time... ???,"Stockton, CA",,
970684732873744384,"RT @FakeRyanGosling: ""Studies have also shown that once an individual is knocked out of a flow state of mind, it can take up to 20 minutes?","Bay Area, California",,
970677495778299906,@JaredNation69 @EXXXOTICA *cough* Tax-deductible business trip. #Receipts #Taxsuperhero,"San Francisco, CA",,
970672786808041472,Dry cough. Sipon. ?,Laguna,,
970672740431785984,RT @ByersEye: Liao: Vertical #diplopia and oscillopsia due to midbrain keyhole aqueduct syndrome associated with severe cough https://t.co/?,"Stanford, CA",,
970671934357819392,RT @ByersEye: Liao: Vertical #diplopia and oscillopsia due to midbrain keyhole aqueduct syndrome associated with severe cough https://t.co/?,,,
970657791118635009,that sure was some backlog *cough*,"Milpitas, CA",,
970625831717474305,"RT @FakeRyanGosling: ""Studies have also shown that once an individual is knocked out of a flow state of mind, it can take up to 20 minutes?","Baltimore, MD",,
970625646790660097,"RT @FakeRyanGosling: ""Studies have also shown that once an individual is knocked out of a flow state of mind, it can take up to 20 minutes?",,,
970584650165833730,s/o menthol cough drops,san francisco,,
970582711705489408,"RT @FakeRyanGosling: ""Studies have also shown that once an individual is knocked out of a flow state of mind, it can take up to 20 minutes?",London,,
970574157565046784,@MascotoftheDay @jacksonnn_parke @SlappyKWings Cough! Cough! ??? https://t.co/pwC3LGERlh,Hillsborough,,
970569675766714368,"RT @FakeRyanGosling: ""Studies have also shown that once an individual is knocked out of a flow state of mind, it can take up to 20 minutes?","Milano, Lombardia",,
970563386420408320,"RT @FakeRyanGosling: ""Studies have also shown that once an individual is knocked out of a flow state of mind, it can take up to 20 minutes?",London,,
970556493962596353,"RT @FakeRyanGosling: ""Studies have also shown that once an individual is knocked out of a flow state of mind, it can take up to 20 minutes?","Kiel, Germany",,
970532028558004224,"i can?t stop coughing but i?m tired and wanna sleep :((

if anyone tries to give me advice it will only make me mor? https://t.co/BtY3sLZQuM",mt. diablo,,
970530380833935360,All of our measuring medication cups are dirty I need to measure 10 ml of cough syrup can I weigh it with a scale?,"Vacaville, CA",,
970524461173694464,"RT @FakeRyanGosling: ""Studies have also shown that once an individual is knocked out of a flow state of mind, it can take up to 20 minutes?",India - Pune,,
970515587985154049,"@Millicentsomer Just stayed a cough, I mean...","Berkeley, CA",,
970515212192264192,@ssnewbery really? does it turn into something more eventually or just stay a cough?,Oakland,,
970514282436706304,interrupting yet another montage to wonder why I have an awful cough and no other symptoms. what kind of indecisive cold is this.,Oakland,,
970505469314850816,This is me ._. *cough* *cough* https://t.co/QmFI7h36sn,"Stockton, CA",,
970497339738566656,"@DearAuntCrabby Ah, the ::cough:: Performance Artist ::cough::  #JonesinJones is having a #TrumpTantrum &amp; probably? https://t.co/LDh24xjlHv",Silicon Valley,,
970491917740855299,@Sithos_ @PUBATTLEGROUNDS @WatchMixer @Styles_hack @bhink11235 @LuckyShotsMIX @Jackboyys @kabbyTV @SplitDaWig? https://t.co/5kJyZXJvri,"Folsom, CA",,
970491549535490048,sufjan....what happened? did you forget your ricola cough drop? #oscars,"Oakland, CA",,
970486248639885313,"@csithiphong Having to be criticize by people don't know how to play an instrument.
*Cough cough* *choir*","Stockton, CA",,
970480752327516162,"RT @nullspeak: Hey, if you'd like to follow us here / Steam for eventual beta-key giveaways or *cough cough* early access news, we have a S?","Flagstaff, AZ",,
970474986388406272,"Oh and that melon slice. I think you all know who it is. You know, that one YouTuber I did a livestream on to find? https://t.co/YmSulujGP1","Vallejo, CA",,
970468733096402944,"""Studies have also shown that once an individual is knocked out of a flow state of mind, it can take up to 20 minut? https://t.co/iyG6LLF4wR","Los Gatos, CA",,
970468239858978822,RT @justwanttobeme3: Cough drops are my new drug of choice.,,,
970468036150022146,RT @justwanttobeme3: Cough drops are my new drug of choice.,,,
970445720825155585,"This backdrop, coupled w/ European talk of countering a rising U.S. commercial menace (*cough* China *cough*), fed? https://t.co/pxKSjTRhIK","San Francisco, CA",,
970444643484618757,I?m over my parents living with me and by my parents I mean my mom. I literally can?t do anything because she?s alw? https://t.co/u4tftqndGi,"Davis, CA",,
970442569057386496,@kathylubey Oh good. I?m currently in the stage of having exhausted all recommended cough remedies and am consideri? https://t.co/EOkHEQe6kl,San Francisco,,
970439673704099842,"Just a minute here, Tiny E...*cough*... I need a moment while my HEAD EXPLODES from reading Rosie's post. 
Nope....? https://t.co/LxRguTHcyo","San Francisco, CA",,
970432370783457281,#Life QUOTE : As it has been said:Love and coughcannot be concealed. Even a small cough.Even a small love.unknown Q? https://t.co/FuzyBQ6ptC,"San Pablo, CA",,
970426446375104513,"@burtonachitect There are definitely consolations, and I suspect there's plenty of amazing backyard bbq out there t? https://t.co/i0hJkQjd0F","Alameda, CA",,
970419898261360640,Liao: Vertical #diplopia and oscillopsia due to midbrain keyhole aqueduct syndrome associated with severe cough? https://t.co/DcfCaQTBXM,"Palo Alto, CA",,
970409242220953601,People who don?t cover their mouths when they cough should be forced to live on an isolated island where they can a? https://t.co/mssR1N0BV9,"Palo Alto, CA",,
970404917226610688,"@Doc_Wolverine My cures for insomnia are.. odd.

The first is remaking the bed, head where the feet usually go. Don? https://t.co/pkpDgKNHOz",Central California,,
970401521996214273,"RT @nullspeak: Hey, if you'd like to follow us here / Steam for eventual beta-key giveaways or *cough cough* early access news, we have a S?",,,
970401486080389120,RT @SoniaKris13: @_Klassy I know I had the cough ? bad boy trying to attack me ... need to buy NyQuil... drank a lot of OJ so I could fight?,"San Francisco , CA",,
970400765322829824,@_Klassy I know I had the cough ? bad boy trying to attack me ... need to buy NyQuil... drank a lot of OJ so I could fight back ?,"San Francisco , CA",,
970393238170415106,"RT @nullspeak: Hey, if you'd like to follow us here / Steam for eventual beta-key giveaways or *cough cough* early access news, we have a S?","Kansas City, KS",,
970384062031413249,"Hey, if you'd like to follow us here / Steam for eventual beta-key giveaways or *cough cough* early access news, we? https://t.co/5nMJN5AVt9",San Francisco,,
970383637987258370,Been a tough #Flu2018 season for me as I fell ill 2x. This 2nd time around has left me with a lingering cough going? https://t.co/gyYaGr5icC,"San Francisco, CA",,
970377723804729344,When u act like u won but u had 2 Umg golds cough cough https://t.co/Xin01SuLw3,"Redwood City, CA",,
970371017678843904,I hate when people in my life have poor choice of men.  Cough cough everyone,"San Leandro, CA",,
970365978230996992,RT @TonyGalleta: *cough* @Papi_Fenty https://t.co/pI8KqeB8lA,Bay Area,,
970360632032739328,Just making sure this cough isn?t something worse.,Sacramento,,
970347813031657472,Wonder if work would fall for if I called in sick to stay home and spoon with these two. *cough* https://t.co/89o8sGzQwS,"Sonoma County, CA",,
970346412214046727,@mishdestiel *cough*lube*cough*,"San Francisco, CA",,
970340710632144896,*cough*Harden*cough* https://t.co/2pptJmaMjR,"San Francisco, CA",,
970329931992330240,"Everytime I cough, it feels like razor blades and ice cubes fill my lungs","Gilroy, CA",,
970321605434908672,"After eating 100 cough drops, drinking a pint of NyQuil, and drinking 2 liters of OJ I have finally recovered from being sick",Modesto,,
970291284480053248,"@WitchMisplaced [I burst out laughing, shooting her a wily eye] If you pulled hats out of rabbits, I'd steer clear.? https://t.co/aJe982VhKN","San Francisco, CA",,
970251158739562496,*cough* @Papi_Fenty https://t.co/pI8KqeB8lA,"San Francisco, CA",,
970246197897183233,when you have a really bad cough and someone offers a cough drop https://t.co/8ryfBPGR2C,conclusion island,,
970214578905931777,Titus Andronicus: A Productive Cough review ? upbeat but underdone https://t.co/CfvufioG6d,"Sacramento, CA",,
970193955882074112,"Despite the fresh churros &amp; live DJ, @avayastadium?s new agreement with Lyft was a nightmare. We waited ages for a? https://t.co/fnxRMbl8ak","San Jose, CA",,
970186972089102336,@Araujoo *cough cough*,"Mountain View, CA",,
970184028098736128,Name one thing more basic...cough...SF than Everlane?s new store having a mile long line on a rainy Saturday morning.,"San Francisco, CA",,
970179073942024192,"I have this really annoying cough, so I boil water ? and put menthol cough drops in it",San Francisco Ca,,
970173714451984384,RT @MisfitsTamara: *cough* https://t.co/QFpB4DGmko,Malaysia,,
970170592358903808,*cough* https://t.co/QFpB4DGmko,"City of Angels, CA",,
970162077624160257,*cough* @TheNotoriousMMA https://t.co/iH0s6T4Fep,"Sacramento, CA",,
970156343435776000,@hypemanSF ?Cough? food ?Cough?,San Francisco ,,
970155659487363072,I'm developing a cough and I am UPSET,"San Jose, CA",,
970152866466820096,"Cough it up.

@pono punks","San Mateo, CA",,
970149273386889218,Trying to hold in this cough so my aunt doesn?t make me stay home. https://t.co/fHgYNlyhcS,"Berkeley, CA",,
970147652401709056,"Bend over and cough
#TriggerTrumpIn4Words",citrus heights CA,,
970142464043401217,RT @Camilasequences: . @ShawnMendes its *cough cough* @Camila_Cabello s birthday *cough*,,,
970142011276709888,. @ShawnMendes its *cough cough* @Camila_Cabello s birthday *cough*,"Monterey, CA",,
970141849737449472,"Sore throat, earache, headache, cough, stuffy nose...and on call. Lord please help me ?",somewhere you are not,,
970138692034506752,#roommateproblems *turns AC to 68?* *gives me nyquil for my cough* even exchange ig:/,"San Francisco, CA",,
970137935239622657,RT @paperbeatstweet: rubbe https://t.co/FJIk9Jojuh,,,
970127159766392833,@SaltyOutcast Yeah a lot better...just trying to kick a cough I have,"Merced, CA",,
970126384113725443,@EastBay_Sports *cough* Barreto *cough*,Hayward CA,,
970126301624520706,@mainbeanie @tsharknami How do you spell the sound a cough makes?,"San Francisco, CA",,
970109650036125696,"@gdinwiddie @DianaOfPortland *cough*

Yeah.

I mean... I'm literally in the middle of writing a master's thesis on? https://t.co/3WUKrYM3RR","San Francisco, CA",,
970106729991102464,@dakotah_15 Better cough it up!,"Hollister, CA",,
970101126178619392,"I was trying to find a better resolution of the cough emote (I lost my copy due to recent PC breakdown), and... wha? https://t.co/6YlAUnvWx9","Santa Cruz, CA",,
970098662842941441,?Cut? ! * cough cough .. ?Cut? https://t.co/je7UbvVIjI,,,
970095785462308864,@lunachrissy Id cough up my entire bank account just to get ur work done on me ?,"San Jose, CA",,
970089667440726016,@Giovann1Flores cough cough. XD.,Senpai Random's Chandelier,,
970088815476928513,@Giovann1Flores i can't draw like that...*cough cough* I'm proud...,Senpai Random's Chandelier,,
970076425611964418,@AriannaSimpson Another big trap is twitter and most of you crypto people tweet multiple times daily. *Cough* everyone on this thread,"Palo Alto, CA",,
970076141749981189,Have you ever been so sick that you've eaten so many cough drops that now it feels like you have cotton mouth. #WelcomeToMyWorld,"San Francisco, CA",,
970076034572800000,@AriannaSimpson *cough* @juanbenet *cough* from Filecoin,"Palo Alto, CA",,
970059252470636558,RT @lewkiss4: On this disk is the key to immortality... https://t.co/xZQgPXqi74,,,
970058324547846145,"old story, but a while back I gave jason a ziplock of cough drops and later he sent me a video of a little ibuprofe? https://t.co/shxYentP1i","Santa Cruz, CA",,
970038877347074048,RT @EvanFilarca: If you guys want me to! I'd be down for doing an initial playthrough of #GodofWar or #DetroitBecomeHuman once they release?,,,
970033480401735680,RT @AseShayShay: Fuck this weak ass cough,Bay Area,,
970025201898438656,@sherry03_10_14 Heres some D#!k- to help that cough??? @sherry03_10_14,"Oakdale, CA",,
970024964131663873,This cough has got to go?? I?m really tired of it,"Vacaville, CA",,
970013697421623296,Yooooo ?? *cough*my birthday is on the 12th*cough* https://t.co/Utt0jUev7U,,,
970009963241377792,"RT @chortletown: ??MY LAST CHANCE??
?I was NEUTERED 2/24 &amp; caught KENNEL COUGH, NOW #NYCACC KILL ME?
?PLEDGE?FOSTER??ADOPT
#nycacc #nyc
htt?","NYC, NY AND ENVIRONS",,
970009934489358336,my grandma called me because my dad told her I was sick. She went on and on about what I should be eating and 100 d? https://t.co/U7my68f415,"San Francisco, CA",,
970009019371831296,@HollywoodCurl @BradGushue Brier :: cough :: :: cough :: ?,"Oakland, CA",,
970005878215725056,@skygillian Let's hope Ben doesn't decide to have tickly cough &amp; stay home. ?,Alcatraz Island,,
970003851838291968,Fuck this weak ass cough,"Oakland, CA",,
970001873993371648,@notsbstnrd The cough is my favourite part ???? I love how you get right back in character tout de suite,Somewhere you're not!,,
969994615351922693,RT @EvanFilarca: If you guys want me to! I'd be down for doing an initial playthrough of #GodofWar or #DetroitBecomeHuman once they release?,,,
969980601922146305,*cough* *cough* I tried... https://t.co/1FTiPYzzn8,Senpai Random's Chandelier,,
969971239191285761,@LewdNarcissist ... Freya might have misguided me a little ... [cough] Witches. https://t.co/Zl0AScV7Xq,"San Francisco, CA",,
969964181637160960,@xukundaiIy @gcingsvt hah literally (cough Twitter page sorry bye),"Alameda, CA",,
969962815690653696,RT @jaaaackattack: It?s weird having so much love for someone one day and then the next day wanting to throat punch them every time you hea?,,,
969962662867144704,"Trust me bro, NO ONE is seeing you're (cough) ""movies""....lol @DNC @ABC @NBC @CBS @MSNBC 
Joaquin Phoenix interview? https://t.co/Yo6x6rLrXL","Carmel, CA",,
969955894682271745,"go peep that new drop, i wonder when he finna drop this *cough cough* @realxochaos","Sacramento, CA",,
969953379693678592,cough cough cough cough cough...cough ?,"San Francisco, CA",,
969938670512832512,RT @EvanFilarca: If you guys want me to! I'd be down for doing an initial playthrough of #GodofWar or #DetroitBecomeHuman once they release?,"Paramount, CA",,
969906689486057472,The Chinese herbal cough syrup that has taken New York by storm https://t.co/HEieIzczQy via @telegraphnews,Silicon Valley,,
969900567484141568,RT @EvanFilarca: If you guys want me to! I'd be down for doing an initial playthrough of #GodofWar or #DetroitBecomeHuman once they release?,Somewhere in the multiverse,,
969881283710070786,RT @carltonautism: Mixed bleach and ammonia together accidentally and now I have a really bad headache and cough.,Suomi,,
969878091123236864,Still not well enough for drinking. No HoleInTheWall today. Hopefully next week. Cough / sneeze / hack.,San Francisco,,
969858119479148544,Taking the streets back one night at a time.  Either this cough kills me or I kill it.,"Sacramento, Ca",,
969847014619013120,RT @EvanFilarca: If you guys want me to! I'd be down for doing an initial playthrough of #GodofWar or #DetroitBecomeHuman once they release?,Switzerland,,
969843761214767104,"Wow, how could anyone live in Connecticut ????? It?s like a little bubble of complete strangers to the outside worl? https://t.co/IcrpkIlSjz","Brentwood, CA",,
969841636711702529,It?s weird having so much love for someone one day and then the next day wanting to throat punch them every time you hear them cough lol,"Sacramento, CA",,
969840163852468224,@JCervantezzz @tkfabeck *cough* hufflepuff *cough*,"San Francisco, CA",,
969839285703553024,Just opened up a bag of Halls cough drops and 2 minutes later im on twitter and see an ad for halls cough drops ... UM,"San Jose, CA",,
969838724451270656,RT @ricardojkay: my lungs watching me smoke even though i have a cough https://t.co/FuVjeIUMro,"Orlando, FL",,
969829289599238145,@DylanGinno I so totally understand. If I talk I cough.  And let's not talk about my nose!,"Ripon, CA",,
969826461606539264,@msirismg I call them cough medicine shakes.  They need to work on mint flavoring!,Northern California,,
969823221976412160,"@opulentclariza @savannughhhh @Zooreff he?s such an asshole, how dare he cough in front of me","East Oakland, CA",,
969820242275790848,I?ve had a cough for about 3 weeks now. This is great.,"Sacramento, CA.",,
969819542389080064,I?m thrilled to announce that I have obtained an elephant shaped humidifier named Claire and I haven?t had a wheezing cough in 25 minutes.,"Oakland, CA",,
969819529843957761,@LadyGanjaa ???? he just being ignorant for the sake of being ignorant v rude not to acknowledge ones art form &amp; no? https://t.co/K7Te3MB9EP,"Oakland, CA",,
969815199585718273,there were also way to many suicides in stories on wattpad like its excessive *cough @bluicidal cough* https://t.co/JFy4GO9TDx,"Oakland, CA",,
969808646753345536,cough https://t.co/WYSZt9BGCJ,"Oakland, CA",,
969807404052312064,When people sneeze or cough as I cross paths with them. I hold my breath,"Oakland, CA",,
969805247588782080,RT @EvanFilarca: If you guys want me to! I'd be down for doing an initial playthrough of #GodofWar or #DetroitBecomeHuman once they release?,"Fordham, Bronx",,
969804639573983232,@DamnUWillShortz I?m smacking my forehead over the FOIA!  And cough button is just not something for the general pu? https://t.co/VWpa51Id9u,"Palo Alto, CA",,
969800583027699712,@QuavoStuntin cough,Stockton ca,,
969799031172907008,@UglyEgo Like holding hundreds of thumb tacks in the fold of your stomach while you cough and that's AFTER,"Oakland, CA",,
969795843057422337,RT @EvanFilarca: If you guys want me to! I'd be down for doing an initial playthrough of #GodofWar or #DetroitBecomeHuman once they release?,"Mount Airy, NC",,
969793424147628032,"@KentuckyJBfan @nascarcasm gee, sounds like someone we all know, cough Kyle busch cough!","Stockton, CA",,
969791809839710208,Really can?t talk bad about the migos even when they do work individually you still might catch the other migos but? https://t.co/tcPVB8qBDE,"San Francisco, CA",,
969791442783580162,@AdamSinger @Noahpinion art exists outside the constraints of silly things like time.  (*cough* https://t.co/cf6IToQ4td *cough*),"San Francisco, CA",,
969790775394316288,Ooh Child this cough is choking me,"Oakland, CA",,
969786771650224129,@smurfee_mcgee *cough*,Central California,,
969786537402601478,"RT @maya_dancer: #MyPersonalMixedDrink
Codeine cough syrup and Jack Daniels

I wish I were joking.",A ragged trailer park,,
969785469012557824,"#MyPersonalMixedDrink
Codeine cough syrup and Jack Daniels

I wish I were joking.","San Francisco, CA  USA",,
969782017037668352,Homemade Herbal Cough Drops &amp; Lozenge Recipe | Wellness Mama https://t.co/8NyTM5UPGv,City of Angels,,
969781705342160896,RT @EvanFilarca: If you guys want me to! I'd be down for doing an initial playthrough of #GodofWar or #DetroitBecomeHuman once they release?,,,
969780280654405633,Am I allowed to eat Potato Corner BBQ flavor if I have severe cough or will that irritate my throat ???,"San Francisco, CA",,
969778287609344002,RT @EvanFilarca: If you guys want me to! I'd be down for doing an initial playthrough of #GodofWar or #DetroitBecomeHuman once they release?,,,
969777405182271488,RT @EvanFilarca: If you guys want me to! I'd be down for doing an initial playthrough of #GodofWar or #DetroitBecomeHuman once they release?,,,
969777150625812480,RT @EvanFilarca: If you guys want me to! I'd be down for doing an initial playthrough of #GodofWar or #DetroitBecomeHuman once they release?,"Texas, USA",,
969777147933061122,RT @EvanFilarca: If you guys want me to! I'd be down for doing an initial playthrough of #GodofWar or #DetroitBecomeHuman once they release?,"England, United Kingdom",,
969776521207599105,RT @EvanFilarca: If you guys want me to! I'd be down for doing an initial playthrough of #GodofWar or #DetroitBecomeHuman once they release?,United States,,
969776453255491584,If you guys want me to! I'd be down for doing an initial playthrough of #GodofWar or #DetroitBecomeHuman once they? https://t.co/SsqmiTvqWj,"Pacifica, CA",,
969769234216640512,@HeerJeet Not Gay Not Gay Not Gay?&lt;cough&gt;,San Francisco,,
969767154118639616,"#Splatoon2 #NintendoSwitch @viantreston oh umm, do u still want marina? or should i say, cough cough PEARL cough co? https://t.co/OuPM5TKQd4","Brentwood, CA",,
969766500130217985,Desto Dubb the dude from the ?that?s an awful lot of cough syrup ll video lmaooo his shit goes hard though,"San Francisco, CA",,
969765969907269632,Currently dying with this cold. &amp; this stupid cough wont go away,,,
969740310560481281,@ZapPorter *cough cough* still better than what I can do...,Senpai Random's Chandelier,,
969736200318840838,@sleeprgirl @mflynnJR &lt;cough&gt; ?well regulated?,"San Francisco, CA",,
969735671890890752,"Fuck I REALLY had to pee held it since Salinas, by Greenfield every cough was like a warning shot ??","Salinas, CA",,
969734975477067776,"@Bianca_Valti Well then.... *picking up my martini and raising it* to a great night of devilishly, wicked times ahe? https://t.co/ksY5xhl9kJ","Napa, CA",,
969733554438422528,"i'm going to make ""mexican"" soup. it's in quotes because it comes from a mexican cookbook that's branded ""old el paso"". *cough*",San Francisco,,
969721742267568129,@alexandruuuhhh i?d never wish this cough on anyone ?,"Santa Cruz, CA",,
969721665411100673,@RedTube Blue cough drop. Wait do cough drops count? If it?s real food then Blue Toast.,"Alameda, CA",,
969721141139972096,@voxdotcom Republicans should remove him long time ago but they are getting cough riding on Tiger back. Right now t? https://t.co/wdpWRP9I4z,"San Jose, CA",,
969717498600763392,@nikillinit *cough* Wag *cough*,"San Francisco, CA",,
969705893196525568,"If Apple ever wanted another 100 bucks from me every year, font book sync between all my devices would make me cough that up.","Concord, CA",,
969702015512096768,Aussie Pearls cough up the ball in own 22 &amp; Kelter powers through the center. Ball moves to Jordan Gray who wraps t? https://t.co/0gKq1avah6,"Oakland, CA",,
969701466356240384,"?Never (cough cough) 
""Five of the most cringeworthy things teachers say."" ?? https://t.co/9pKqbRJirU #TeachersLife","San Francisco, CA",,
969691543450734592,i think my roommate is getting tired of hearing me cough... pero like i have to hear her type on her computer all night,"Santa Cruz, CA",,
969685730774732801,RT @carltonautism: Mixed bleach and ammonia together accidentally and now I have a really bad headache and cough.,,,
969683972371267584,YASS!! New #podcast is out - time to somewhat pay attention to emails while I binge *cough*Imeanwork*cough* ~ Why W? https://t.co/m9JpYuW9pB,"San Francisco, CA",,
969683123091914752,Snough = Cough + Sneeze. This just happened. I was relieved and confused at the same time. #FridayFeeling,"San Francisco, CA",,
969677003992399872,RT @NicolausMedina: @A1Nando_ @__isidro Just wait we gunna get him fucked up one of these days *cough *cough ?,,,
969676806872694785,@A1Nando_ @__isidro Just wait we gunna get him fucked up one of these days *cough *cough ?,"Sacramento, CA",,
969676731777986561,RT @carmsss26: I have had this annoying ass cough for the past two months and it?s not going away ????,"Kasoa,Ghana",,
969676337840467969,This nasty cough is really not working out for my post two-babies body if you know what I mean. #motherhood #nosickdays,"Oakland, CA",,
969675730085855232,Finished Kill La Kill last night and watched like 6 episodes of season 3 Jane the Virgin today. Being sick has real? https://t.co/IrheMnB3kM,Sacramento,,
969675662104576000,I have had this annoying ass cough for the past two months and it?s not going away ????,"San Jose, CA",,
969675457070120961,"I used Amazon Prime Now to send myself cold medicine, tissues, &amp; cough drops. This is the future. ?",,,
969673469746016256,"OK, officially back in the saddle here for a few hours. Was out this week a bit longer than expected... And since i? https://t.co/xbgXK01URR",Frisco,,
969668001707343873,"okay who is going to run to nong's immediately to pick this up for me...

cough @asteriskerin cough pleeeeeeeeeeeaa? https://t.co/FGE96Dy57j","San Francisco, CA",,
969656466192793600,"@icopilots You know my answer. But then again, no one should stop you there, and it might be even useful to pursue? https://t.co/ypPQdhOW7q","Berkeley, CA",,
969655996330266626,@gunsta33 @One6two4 @WYP_Keighley @WYP_PC27FOSTER @WYP_PCSO143 @CravenWard49 I bet you give your children cough med? https://t.co/B0GCZtpVML,Wherever you're not.,,
969654697270288384,I?ve been sick for a few days and this customer heard me coughing so he went and bought me cough drops ??? https://t.co/RJ3nSJaq7p,modesto,,
969644736603664385,RT @carltonautism: Mixed bleach and ammonia together accidentally and now I have a really bad headache and cough.,,,
969643039093268480,"@realDonaldTrump @realDonaldTrump cares that young people are overdosing everyday.
#President is dealing with the i? https://t.co/tmsKxLKr6p","Sacramento, CA",,
969641581186895873,RT @carltonautism: Mixed bleach and ammonia together accidentally and now I have a really bad headache and cough.,,,
969638284912545792,@Ned_the_zombie @Brian_C_Palmer @Awritesinger @MaeBaumWriter @dltauthor @MGallowglas @laurcunn @clemmiegirlnz? https://t.co/MsBa7toYrU,Sacramento,,
969637555657351168,@BBCWorld How did she get one? ? It certainly didn?t have anything to do with intelligence. Unless humping inflatab? https://t.co/HwzoiMcmjJ,"Berkeley, CA.",,
969634715853443072,@killerma @ThinkAtheist Had one of those 14 years ago. Went from ?couldn?t walk across room? to pretty much okay- w? https://t.co/iTp7CKlnNQ,"San Jose, CA",,
969627112138158081,@LaurelSnyder @HamlineMFAC Cough @boggycomics cough,san francisco,,
969624419776606208,"I?m over here sick with the flu, throat sorer than a midget after an orgy, &amp; this shit made me cough up my left lun? https://t.co/ERUNocJG42","Sacramento, Ca",,
969611671395229696,Cough syrup is my drink of choice today,"Vacaville, CA",,
969607753118470145,RT @carltonautism: Mixed bleach and ammonia together accidentally and now I have a really bad headache and cough.,,,
969604334252998657,@realDonaldTrump Tax cuts and tariffs (TnT)......what could possibly go wrong?!?!  If only we had something in our? https://t.co/1zgn8RDbsU,"Sacramento, CA",,
969602568098783233,"Really excited to announce my brain fog has cleared! Still a nasty cough, but I?ll see the doctor about that.","Oakland, CA",,
969518073412808704,Smoke a lot got a permanent cough,"Ladera, CA",,
969510163769040896,@DayDaVonne_ Da--- I am hoping for an all new cast! I feel like fandom got drained after Paul on #BB19. not saying? https://t.co/LDfvwKMtyg,"San Francisco, CA",,
969504477836292096,Old people cough a lot,"Modesto, CA",,
969502063842521088,RT @carltonautism: Mixed bleach and ammonia together accidentally and now I have a really bad headache and cough.,"Disrepair, USA.",,
969489248930775040,@JunDishes I want a new cast for #BB20 so bad! I've been a fan since Eddie left the house as i was 8 years old LOL!? https://t.co/ODN6mTiie2,"San Francisco, CA",,
969472894114893825,"When you start to hate someone, everything they do begins to annoy you... Them: *Cough* You: ""OOOOHHH MY GOOOOOODDDDDDD","Sacramento",,
969472356270817280,@GBNewsdotcom @MAURICELAMARCHE Hmmmm @CrankyJ  i think a certain someone cough cough @ChadA109  needs to get on netflix.....,"San Francisco, CA",,
969471565459963904,RT @carltonautism: Mixed bleach and ammonia together accidentally and now I have a really bad headache and cough.,,,
969445741176303616,@DWAnimation *cough* https://t.co/fNcPrkawvj,"San Francisco, CA",,
969443464722071552,How many tablespoons of cough syrup you take? Nah I just drink the whole ass bottle hoping  it either kills me or get rid of my cold,"Oakley, CA",,
969442428825620480,RT @carltonautism: Mixed bleach and ammonia together accidentally and now I have a really bad headache and cough.,Somewhere Respecting Women,,
969442249892384768,"TOP QUALITY BLACK TAR,STRAIN AVAILABLE MDAI, Heroin, xannax, codeine, lsd,me
Medications for the treatment for chro? https://t.co/0KmF3WM8Fh","San Francisco, CA",,
969442228811845633,"TOP QUALITY BLACK TAR,STRAIN AVAILABLE MDAI, Heroin, xannax, codeine, lsd,me
Medications for the treatment for chro? https://t.co/AGfbZQoGko","San Francisco, CA",,
969441801189797888,I think not bothering with #MetaGearSurvive and replaying #MetalGearSolidThePhantomPain was the best move. I have o? https://t.co/QuZz8FNVRA,"San Francisco, CA",,
969434313639907328,"@KawaiiOathmeal @JT_Senpai @BenKHP9 *coughcough*Lewdsthough*cough cough cough*

Wow that was a cough","West Sacramento, CA",,
969434291829534720,@jimmy_dore I've been expecting for a while now for it to get even worse and you guys being forced to move to anoth? https://t.co/KBNGBa3fOw,"Santa Cruz, CA",,
969433233220820992,My cough was okay except then @thomasbrobber showed me 33 biblical memes and I laughed so hard I had multiple coughing fits.,"Oakland, CA",,
969425193339932672,RT @carltonautism: Mixed bleach and ammonia together accidentally and now I have a really bad headache and cough.,"Minnesota, USA",,
969418896376725504,RT @carltonautism: Mixed bleach and ammonia together accidentally and now I have a really bad headache and cough.,Side 2,,
969418256766271488,Motherfucking usb-c. I cough and the connector falls out. I AM COUGHING A LOT RIGHT NOW.,"Menlo Park, CA",,
969415618477801473,Cough twice if you would also fuck a virtual version of yourself #shipwrecksf,"San Francisco, CA",,
969412964980838400,RT @carltonautism: Mixed bleach and ammonia together accidentally and now I have a really bad headache and cough.,"Geneva, IL",,
969407152367587329,RT @carltonautism: Mixed bleach and ammonia together accidentally and now I have a really bad headache and cough.,,,
969404921777917952,RT @carltonautism: Mixed bleach and ammonia together accidentally and now I have a really bad headache and cough.,#shycamgoys.com,,
969403027504340992,@seanro3 @caseycdutch @DWinSTL Yes but it is how every other President proved to the American Public he's not a che? https://t.co/Uk0eqQTWAP,"Concord, CA",,
969401706089009153,RT @carltonautism: Mixed bleach and ammonia together accidentally and now I have a really bad headache and cough.,,,
969401196262801408,RT @carltonautism: Mixed bleach and ammonia together accidentally and now I have a really bad headache and cough.,,,
969399418607693832,RT @carltonautism: Mixed bleach and ammonia together accidentally and now I have a really bad headache and cough.,,,
969399297056763904,@XboxSupport Well I guess this 50min wait to speak to someone was useless. Nice to know Xbox support is on top of t? https://t.co/Vmv66iblBx,"Monterey, CA",,
969395216435249152,RT @carltonautism: Mixed bleach and ammonia together accidentally and now I have a really bad headache and cough.,,,
969391891816046594,RT @carltonautism: Mixed bleach and ammonia together accidentally and now I have a really bad headache and cough.,,,
969389936125399040,RT @carltonautism: Mixed bleach and ammonia together accidentally and now I have a really bad headache and cough.,,,
969389064909721601,RT @carltonautism: Mixed bleach and ammonia together accidentally and now I have a really bad headache and cough.,On your pc screen.,,
969388991823802368,I?m so sore my stomach hurts when I cough from taking a dab ?,"Salinas, CA",,
969388626911158272,RT @carltonautism: Mixed bleach and ammonia together accidentally and now I have a really bad headache and cough.,kush@kushoverlord.com,,
969388585999769600,Mixed bleach and ammonia together accidentally and now I have a really bad headache and cough.,"San Francisco, CA",,
969387481509478400,"@MalteseAnna @RedTRaccoon @ShmazProducts For a guy who advocates for pot legality, Roger Stone appears to have a lo? https://t.co/z7r7YRIb3q","Oakland, CA",,
969382039261556737,@roman01la Cough create-react-app cough,"Sacramento, CA",,
969374887298056193,@dwancherry I smoked medical marijuana (cough cough) before the game started and I want to be upset about this peri? https://t.co/ztNlYAis8o,"San Francisco, CA",,
969361309174304768,Honestly blows my mind that there are still people who will cough/sneeze without covering their mouths on public tr? https://t.co/dr4zPbKkPl,Boston & San Francisco,,
969354162403033088,i?m in a meeting and i have to cough but i?ve already used@up all 3 opportunities,"San Francisco, CA",,
969348670767288320,Does anyone else develop a severe desire to cough when Alex Jones talks? His voice is just so gravelly,"Napa, CA",,
969347719000031232,"""You will cough up crows that peck my eyes
And I will do nothing but go blind""","Vacaville, CA",,
969346711784050688,"RT @SFyimby: Ideas for getting housing faster:
- speed up entitlement with @DavidChiu's AB73

- Make rental housing more economically feasi?",,,
969345202581221376,"Working a job where I depend on tips has me thinking a lot about the opening scene of Reservoir Dogs. ""Whaddya mean? https://t.co/ENChUuijMs",San Francisco,,
969342442678792192,"Ideas for getting housing faster:
- speed up entitlement with @DavidChiu's AB73

- Make rental housing more economi? https://t.co/zoiaXNGXak","San Francisco, CA",,
969333802592972801,Great now i have a cough.,"Salinas, CA",,
969320395995152384,"#Win a #Vicks Sick Day #Giveaway w/ $30 Visa g/c, coloring book &amp; colored pencils #entertowin 5 winners https://t.co/e1DgUfxTkg","San Mateo, CA",,
969288357111934976,A2: A Primary Care Provider is important because they will get you the care you need. See your PCP for things like? https://t.co/iYZ1gDNX7T,"Oakland, CA",,
969284413069565952,"@bruienne I wonder if there's revenue in some sort of service that lets you 'subscribe' netblocks/domain names, the? https://t.co/fKmhtRfrNw","San Francisco, CA",,
969282113840336907,"Made it to London &amp; it?s lit.
Y?all even cough with an accent? I?m just mind blown over everything.
About to embark? https://t.co/aEgcYWyWnb",San Francisco,,
